top_img_file,side_img_file,time (second),displacement (mm),load (N)
img0-08312022144721-9.tiff,img1-08312022144721-7.tiff,0,0,1.5244899
img0-08312022144722-10.tiff,img1-08312022144722-8.tiff,1,0.005853124,3.217074425
img0-08312022144723-11.tiff,img1-08312022144723-9.tiff,2,0.015224088,3.510204
img0-08312022144724-12.tiff,img1-08312022144724-10.tiff,3,0.022530061,3.897890704
img0-08312022144725-13.tiff,img1-08312022144725-11.tiff,4,0.030022857,4.3612247
img0-08312022144726-14.tiff,img1-08312022144726-12.tiff,5,0.037376531,4.7394557
img0-08312022144727-15.tiff,img1-08312022144727-13.tiff,6,0.044750075,5.202789621
img0-08312022144728-16.tiff,img1-08312022144728-14.tiff,7,0.052145486,5.685034
img0-08312022144729-17.tiff,img1-08312022144729-15.tiff,8,0.059497167,6.157823
img0-08312022144730-18.tiff,img1-08312022144729-15.tiff,9,0.066912455,6.72517
img0-08312022144731-19.tiff,img1-08312022144731-16.tiff,10,0.074264136,7.112860447
img0-08312022144732-20.tiff,img1-08312022144732-17.tiff,11,0.081597928,7.5761905
img0-08312022144733-21.tiff,img1-08312022144733-18.tiff,12,0.088991357,8.058439357
img0-08312022144734-22.tiff,img1-08312022144734-19.tiff,13,0.096327145,8.521769
img0-08312022144735-23.tiff,img1-08312022144735-20.tiff,14,0.103641065,9.089116
img0-08312022144736-24.tiff,img1-08312022144736-21.tiff,15,0.111054365,9.561905
img0-08312022144737-25.tiff,img1-08312022144737-22.tiff,16,0.11843387,10.1292515
img0-08312022144738-26.tiff,img1-08312022144738-23.tiff,17,0.125819356,10.60204
img0-08312022144739-27.tiff,img1-08312022144739-24.tiff,18,0.133173025,11.06537961
img0-08312022144740-28.tiff,img1-08312022144740-25.tiff,19,0.140506825,11.55707029
img0-08312022144741-29.tiff,img1-08312022144740-25.tiff,20,0.147882352,12.020408
img0-08312022144742-30.tiff,img1-08312022144742-26.tiff,21,0.155174405,12.57830461
img0-08312022144743-31.tiff,img1-08312022144743-27.tiff,22,0.162569812,13.060545
img0-08312022144744-32.tiff,img1-08312022144744-28.tiff,23,0.170002992,13.44822629
img0-08312022144745-33.tiff,img1-08312022144745-29.tiff,24,0.177394425,13.911565
img0-08312022144746-34.tiff,img1-08312022144746-30.tiff,25,0.184767983,14.384354
img0-08312022144747-35.tiff,img1-08312022144747-31.tiff,26,0.192121645,14.857142
img0-08312022144748-36.tiff,img1-08312022144748-32.tiff,27,0.199495185,15.24482439
img0-08312022144749-37.tiff,img1-08312022144749-33.tiff,28,0.206848865,15.6136055
img0-08312022144750-38.tiff,img1-08312022144750-34.tiff,29,0.214202525,15.991837
img0-08312022144751-39.tiff,img1-08312022144750-34.tiff,30,0.221556205,16.370068
img0-08312022144752-40.tiff,img1-08312022144752-35.tiff,31,0.228909866,16.653742
img0-08312022144753-41.tiff,img1-08312022144753-36.tiff,32,0.236223795,17.031973
img0-08312022144754-42.tiff,img1-08312022144754-37.tiff,33,0.243557593,17.315647
img0-08312022144755-43.tiff,img1-08312022144755-38.tiff,34,0.251012633,17.68442581
img0-08312022144756-44.tiff,img1-08312022144756-39.tiff,35,0.258324581,17.97755
img0-08312022144757-45.tiff,img1-08312022144757-40.tiff,36,0.265735885,18.25177291
img0-08312022144758-46.tiff,img1-08312022144758-41.tiff,37,0.273051785,18.53544671
img0-08312022144759-47.tiff,img1-08312022144759-42.tiff,38,0.280365721,18.734013
img0-08312022144800-48.tiff,img1-08312022144800-43.tiff,39,0.287781009,18.93258209
img0-08312022144801-49.tiff,img1-08312022144800-43.tiff,40,0.295073054,19.12169799
img0-08312022144802-50.tiff,img1-08312022144802-44.tiff,41,0.302466474,19.490477
img0-08312022144803-51.tiff,img1-08312022144803-45.tiff,42,0.309859903,19.774149
img0-08312022144804-52.tiff,img1-08312022144804-46.tiff,43,0.317255293,19.963266
img0-08312022144805-53.tiff,img1-08312022144805-47.tiff,44,0.324607003,20.16183409
img0-08312022144806-54.tiff,img1-08312022144806-48.tiff,45,0.331960662,20.42660181
img0-08312022144807-55.tiff,img1-08312022144807-49.tiff,46,0.339314334,20.61571951
img0-08312022144808-56.tiff,img1-08312022144808-50.tiff,47,0.346727621,20.814285
img0-08312022144809-57.tiff,img1-08312022144809-51.tiff,48,0.354101165,21.0034
img0-08312022144810-58.tiff,img1-08312022144810-52.tiff,49,0.36151645,21.192518
img0-08312022144811-59.tiff,img1-08312022144810-52.tiff,50,0.368907885,21.37218171
img0-08312022144812-60.tiff,img1-08312022144812-53.tiff,51,0.37618405,21.56129491
img0-08312022144813-61.tiff,img1-08312022144813-54.tiff,52,0.383478093,21.665306
img0-08312022144814-62.tiff,img1-08312022144814-55.tiff,53,0.390869542,21.76931549
img0-08312022144815-63.tiff,img1-08312022144815-56.tiff,54,0.398223203,21.94898
img0-08312022144816-64.tiff,img1-08312022144816-57.tiff,55,0.40563849,22.138096
img0-08312022144817-65.tiff,img1-08312022144817-58.tiff,56,0.412992159,22.232653
img0-08312022144818-66.tiff,img1-08312022144818-59.tiff,57,0.420423342,22.42177
img0-08312022144820-67.tiff,img1-08312022144820-61.tiff,58,0.427739242,22.60143371
img0-08312022144821-68.tiff,img1-08312022144820-61.tiff,59,0.435011432,22.79054781
img0-08312022144822-69.tiff,img1-08312022144822-62.tiff,60,0.442404852,22.80945219
img0-08312022144823-70.tiff,img1-08312022144823-63.tiff,61,0.449738644,22.989115
img0-08312022144824-71.tiff,img1-08312022144824-64.tiff,62,0.457171806,23.16877961
img0-08312022144825-72.tiff,img1-08312022144825-65.tiff,63,0.464507622,23.178232
img0-08312022144826-73.tiff,img1-08312022144826-66.tiff,64,0.471899054,23.26333691
img0-08312022144827-74.tiff,img1-08312022144827-67.tiff,65,0.479273346,23.28137931
img0-08312022144828-75.tiff,img1-08312022144828-68.tiff,66,0.486725675,23.461905
img0-08312022144829-76.tiff,img1-08312022144829-69.tiff,67,0.494019735,23.64157311
img0-08312022144830-77.tiff,img1-08312022144830-70.tiff,68,0.501393242,23.745579
img0-08312022144831-78.tiff,img1-08312022144830-70.tiff,69,0.508748895,23.745579
img0-08312022144832-79.tiff,img1-08312022144832-71.tiff,70,0.516062885,23.840136
img0-08312022144833-80.tiff,img1-08312022144833-72.tiff,71,0.523434406,23.934694
img0-08312022144834-81.tiff,img1-08312022144834-73.tiff,72,0.530768206,24.029251
img0-08312022144835-82.tiff,img1-08312022144835-74.tiff,73,0.538123855,24.03869969
img0-08312022144836-83.tiff,img1-08312022144836-75.tiff,74,0.545515303,24.218367
img0-08312022144837-84.tiff,img1-08312022144837-76.tiff,75,0.55288881,24.312925
img0-08312022144838-85.tiff,img1-08312022144838-77.tiff,76,0.560222606,24.41693239
img0-08312022144839-86.tiff,img1-08312022144839-78.tiff,77,0.567635942,24.50204
img0-08312022144840-87.tiff,img1-08312022144840-79.tiff,78,0.574912095,24.58714941
img0-08312022144841-88.tiff,img1-08312022144840-79.tiff,79,0.582245889,24.596598
img0-08312022144842-89.tiff,img1-08312022144842-80.tiff,80,0.589637306,24.691156
img0-08312022144843-90.tiff,img1-08312022144843-81.tiff,81,0.596971106,24.68170741
img0-08312022144844-91.tiff,img1-08312022144844-82.tiff,82,0.604424165,24.691156
img0-08312022144845-92.tiff,img1-08312022144845-83.tiff,83,0.611777806,24.880274
img0-08312022144846-93.tiff,img1-08312022144846-84.tiff,84,0.619193095,24.96538161
img0-08312022144847-94.tiff,img1-08312022144847-85.tiff,85,0.626564674,25.069387
img0-08312022144848-95.tiff,img1-08312022144848-86.tiff,86,0.633858706,25.069387
img0-08312022144849-96.tiff,img1-08312022144849-87.tiff,87,0.641272006,25.24905451
img0-08312022144850-97.tiff,img1-08312022144850-88.tiff,88,0.648663423,25.258503
img0-08312022144851-98.tiff,img1-08312022144850-88.tiff,89,0.655919706,25.258503
img0-08312022144852-99.tiff,img1-08312022144852-89.tiff,90,0.663333042,25.35306
img0-08312022144853-100.tiff,img1-08312022144853-90.tiff,91,0.670607206,25.35306
img0-08312022144854-101.tiff,img1-08312022144854-91.tiff,92,0.677942989,25.542177
img0-08312022144855-102.tiff,img1-08312022144855-92.tiff,93,0.685376185,25.62728731
img0-08312022144856-103.tiff,img1-08312022144856-93.tiff,94,0.692727854,25.731293
img0-08312022144857-104.tiff,img1-08312022144857-94.tiff,95,0.700101365,25.82585
img0-08312022144858-105.tiff,img1-08312022144858-95.tiff,96,0.707455013,25.920408
img0-08312022144859-106.tiff,img1-08312022144859-96.tiff,97,0.714810695,26.014965
img0-08312022144900-107.tiff,img1-08312022144900-97.tiff,98,0.722162406,26.014965
img0-08312022144901-108.tiff,img1-08312022144900-97.tiff,99,0.729516102,26.02441389
img0-08312022144902-109.tiff,img1-08312022144902-98.tiff,100,0.736889609,26.204082
img0-08312022144903-110.tiff,img1-08312022144903-99.tiff,101,0.744342675,26.29864
img0-08312022144904-111.tiff,img1-08312022144904-100.tiff,102,0.751716203,26.393198
img0-08312022144905-112.tiff,img1-08312022144905-101.tiff,103,0.759111595,26.40264649
img0-08312022144906-113.tiff,img1-08312022144906-102.tiff,104,0.766445395,26.487755
img0-08312022144907-114.tiff,img1-08312022144907-103.tiff,105,0.773799095,26.582312
img0-08312022144908-115.tiff,img1-08312022144908-104.tiff,106,0.781170655,26.67687
img0-08312022144909-116.tiff,img1-08312022144909-105.tiff,107,0.788544165,26.77143
img0-08312022144910-117.tiff,img1-08312022144910-106.tiff,108,0.795858106,26.865988
img0-08312022144911-118.tiff,img1-08312022144911-107.tiff,109,0.803211806,27.03620413
img0-08312022144912-119.tiff,img1-08312022144911-107.tiff,110,0.810446206,27.055101
img0-08312022144913-120.tiff,img1-08312022144913-108.tiff,111,0.817901195,27.14966
img0-08312022144914-121.tiff,img1-08312022144914-109.tiff,112,0.825312542,27.14966
img0-08312022144915-122.tiff,img1-08312022144915-110.tiff,113,0.832626454,27.244217
img0-08312022144916-123.tiff,img1-08312022144916-111.tiff,114,0.840019874,27.34822279
img0-08312022144917-124.tiff,img1-08312022144917-112.tiff,115,0.847433206,27.433334
img0-08312022144918-125.tiff,img1-08312022144918-113.tiff,116,0.854689488,27.44278249
img0-08312022144919-126.tiff,img1-08312022144919-114.tiff,117,0.862080906,27.62245
img0-08312022144920-127.tiff,img1-08312022144920-115.tiff,118,0.869396795,27.717007
img0-08312022144921-128.tiff,img1-08312022144921-116.tiff,119,0.876748509,27.811563
img0-08312022144922-129.tiff,img1-08312022144921-116.tiff,120,0.884183655,27.906122
img0-08312022144923-130.tiff,img1-08312022144923-117.tiff,121,0.891616888,27.906122
img0-08312022144924-131.tiff,img1-08312022144924-118.tiff,122,0.898990395,28.00068
img0-08312022144925-132.tiff,img1-08312022144925-119.tiff,123,0.906322206,28.00068
img0-08312022144926-133.tiff,img1-08312022144926-120.tiff,124,0.913695806,28.095238
img0-08312022144927-134.tiff,img1-08312022144927-121.tiff,125,0.921029561,28.189796
img0-08312022144928-135.tiff,img1-08312022144928-122.tiff,126,0.92834549,28.284353
img0-08312022144929-136.tiff,img1-08312022144929-123.tiff,127,0.935677302,28.284353
img0-08312022144930-137.tiff,img1-08312022144930-124.tiff,128,0.943090552,28.473469
img0-08312022144931-138.tiff,img1-08312022144931-125.tiff,129,0.950285188,28.55851264
img0-08312022144932-139.tiff,img1-08312022144931-125.tiff,130,0.957678611,28.662586
img0-08312022144933-140.tiff,img1-08312022144933-126.tiff,131,0.965111788,28.662586
img0-08312022144934-141.tiff,img1-08312022144934-127.tiff,132,0.972403853,28.757143
img0-08312022144935-142.tiff,img1-08312022144935-128.tiff,133,0.979878752,28.77616991
img0-08312022144936-143.tiff,img1-08312022144936-129.tiff,134,0.9872722,28.95577226
img0-08312022144937-144.tiff,img1-08312022144937-130.tiff,135,0.994586101,29.135376
img0-08312022144938-145.tiff,img1-08312022144938-131.tiff,136,1.001939852,29.32449
img0-08312022144939-146.tiff,img1-08312022144939-132.tiff,137,1.009333152,29.419048
img0-08312022144940-147.tiff,img1-08312022144940-133.tiff,138,1.016688854,29.52311856
img0-08312022144941-148.tiff,img1-08312022144941-134.tiff,139,1.024100152,29.78776364
img0-08312022144942-149.tiff,img1-08312022144941-134.tiff,140,1.031473652,29.891838
img0-08312022144943-150.tiff,img1-08312022144943-135.tiff,141,1.038827352,29.986395
img0-08312022144944-151.tiff,img1-08312022144944-136.tiff,142,1.046200952,30.080952
img0-08312022144945-152.tiff,img1-08312022144945-137.tiff,143,1.053514752,30.270067
img0-08312022144946-153.tiff,img1-08312022144946-138.tiff,144,1.060828752,30.27958076
img0-08312022144947-154.tiff,img1-08312022144947-139.tiff,145,1.068283744,30.459185
img0-08312022144948-155.tiff,img1-08312022144948-140.tiff,146,1.075577854,30.56325456
img0-08312022144949-156.tiff,img1-08312022144949-141.tiff,147,1.082949352,30.6483
img0-08312022144950-157.tiff,img1-08312022144950-142.tiff,148,1.090203652,30.742857
img0-08312022144951-158.tiff,img1-08312022144951-143.tiff,149,1.09753545,30.837414
img0-08312022144952-159.tiff,img1-08312022144951-143.tiff,150,1.104913054,31.01701664
img0-08312022144953-160.tiff,img1-08312022144953-144.tiff,151,1.112187154,31.03604366
img0-08312022144954-161.tiff,img1-08312022144954-145.tiff,152,1.119600544,31.215647
img0-08312022144955-162.tiff,img1-08312022144955-146.tiff,153,1.126993944,31.310204
img0-08312022144956-163.tiff,img1-08312022144956-147.tiff,154,1.134405152,31.41427546
img0-08312022144957-164.tiff,img1-08312022144957-148.tiff,155,1.141681354,31.49932
img0-08312022144958-165.tiff,img1-08312022144958-149.tiff,156,1.149054944,31.67892324
img0-08312022144959-166.tiff,img1-08312022144959-150.tiff,157,1.156505972,31.782993
img0-08312022145000-167.tiff,img1-08312022145000-151.tiff,158,1.16383776,31.877552
img0-08312022145001-168.tiff,img1-08312022145001-152.tiff,159,1.171215444,31.96259564
img0-08312022145002-169.tiff,img1-08312022145001-152.tiff,160,1.178666442,32.066666
img0-08312022145003-170.tiff,img1-08312022145003-153.tiff,161,1.186059852,32.255783
img0-08312022145004-171.tiff,img1-08312022145004-154.tiff,162,1.193375754,32.34082484
img0-08312022145005-172.tiff,img1-08312022145005-155.tiff,163,1.200707642,32.444897
img0-08312022145006-173.tiff,img1-08312022145006-156.tiff,164,1.208140652,32.634014
img0-08312022145007-174.tiff,img1-08312022145007-157.tiff,165,1.215474552,32.823128
img0-08312022145008-175.tiff,img1-08312022145008-158.tiff,166,1.222788352,33.012245
img0-08312022145009-176.tiff,img1-08312022145009-159.tiff,167,1.230062652,33.1068
img0-08312022145010-177.tiff,img1-08312022145010-160.tiff,168,1.237376542,33.295918
img0-08312022145011-178.tiff,img1-08312022145011-161.tiff,169,1.244829552,33.46600798
img0-08312022145012-179.tiff,img1-08312022145011-161.tiff,170,1.252163352,33.57959
img0-08312022145013-180.tiff,img1-08312022145013-162.tiff,171,1.259517152,33.68366336
img0-08312022145014-181.tiff,img1-08312022145014-163.tiff,172,1.266932254,33.87277956
img0-08312022145015-182.tiff,img1-08312022145015-164.tiff,173,1.274323752,34.13742634
img0-08312022145016-183.tiff,img1-08312022145016-165.tiff,174,1.281677452,34.241497
img0-08312022145017-184.tiff,img1-08312022145017-166.tiff,175,1.288993354,34.430614
img0-08312022145018-185.tiff,img1-08312022145018-167.tiff,176,1.296384752,34.60070129
img0-08312022145019-186.tiff,img1-08312022145019-168.tiff,177,1.303778252,34.619728
img0-08312022145020-187.tiff,img1-08312022145020-169.tiff,178,1.311173554,34.714287
img0-08312022145021-188.tiff,img1-08312022145021-170.tiff,179,1.318644552,34.9034
img0-08312022145022-189.tiff,img1-08312022145021-170.tiff,180,1.325978352,35.092518
img0-08312022145023-190.tiff,img1-08312022145023-171.tiff,181,1.333351942,35.27211705
img0-08312022145024-191.tiff,img1-08312022145024-172.tiff,182,1.340687654,35.37619
img0-08312022145025-192.tiff,img1-08312022145025-173.tiff,183,1.348021554,35.565304
img0-08312022145026-193.tiff,img1-08312022145026-174.tiff,184,1.355353252,35.75442
img0-08312022145027-194.tiff,img1-08312022145027-175.tiff,185,1.362766552,36.02858095
img0-08312022145028-195.tiff,img1-08312022145028-176.tiff,186,1.370003034,36.21769654
img0-08312022145029-196.tiff,img1-08312022145029-177.tiff,187,1.377316954,36.32177
img0-08312022145030-197.tiff,img1-08312022145030-178.tiff,188,1.384787852,36.50137005
img0-08312022145031-198.tiff,img1-08312022145031-179.tiff,189,1.392121662,36.7
img0-08312022145032-199.tiff,img1-08312022145031-179.tiff,190,1.399556754,36.88912
img0-08312022145033-200.tiff,img1-08312022145033-180.tiff,191,1.406908462,37.07823
img0-08312022145034-201.tiff,img1-08312022145034-181.tiff,192,1.414222442,37.267345
img0-08312022145035-202.tiff,img1-08312022145035-182.tiff,193,1.421615852,37.456463
img0-08312022145036-203.tiff,img1-08312022145036-183.tiff,194,1.428852254,37.55102
img0-08312022145037-204.tiff,img1-08312022145037-184.tiff,195,1.436184142,37.74964856
img0-08312022145038-205.tiff,img1-08312022145038-185.tiff,196,1.443597262,37.93876616
img0-08312022145039-206.tiff,img1-08312022145039-186.tiff,197,1.451010652,38.11837
img0-08312022145040-207.tiff,img1-08312022145040-187.tiff,198,1.458443842,38.307484
img0-08312022145041-208.tiff,img1-08312022145041-188.tiff,199,1.465757752,38.496597
img0-08312022145042-209.tiff,img1-08312022145042-189.tiff,200,1.473210752,38.77075954
img0-08312022145043-210.tiff,img1-08312022145042-189.tiff,201,1.480526754,39.05443244
img0-08312022145044-211.tiff,img1-08312022145044-190.tiff,202,1.487860454,39.158504
img0-08312022145045-212.tiff,img1-08312022145045-191.tiff,203,1.495251952,39.43266384
img0-08312022145046-213.tiff,img1-08312022145046-192.tiff,204,1.50260346,39.62177695
img0-08312022145047-214.tiff,img1-08312022145047-193.tiff,205,1.509961254,39.72585
img0-08312022145048-215.tiff,img1-08312022145048-194.tiff,206,1.517193642,39.92448046
img0-08312022145049-216.tiff,img1-08312022145049-195.tiff,207,1.524587052,40.19864
img0-08312022145051-217.tiff,img1-08312022145051-197.tiff,208,1.531940752,40.30271146
img0-08312022145052-218.tiff,img1-08312022145052-198.tiff,209,1.539336254,40.49182366
img0-08312022145053-219.tiff,img1-08312022145052-198.tiff,210,1.546667952,40.765987
img0-08312022145054-220.tiff,img1-08312022145054-199.tiff,211,1.554103154,40.9551
img0-08312022145055-221.tiff,img1-08312022145055-200.tiff,212,1.56153235,41.238773
img0-08312022145056-222.tiff,img1-08312022145056-201.tiff,213,1.568748852,41.42789
img0-08312022145057-223.tiff,img1-08312022145057-202.tiff,214,1.576084654,41.62651756
img0-08312022145058-224.tiff,img1-08312022145058-203.tiff,215,1.583557654,41.99524
img0-08312022145059-225.tiff,img1-08312022145059-204.tiff,216,1.590948952,42.278915
img0-08312022145100-226.tiff,img1-08312022145100-205.tiff,217,1.598362352,42.46803
img0-08312022145101-227.tiff,img1-08312022145101-206.tiff,218,1.605755752,42.73267309
img0-08312022145102-228.tiff,img1-08312022145102-207.tiff,219,1.613188952,42.940815
img0-08312022145103-229.tiff,img1-08312022145102-207.tiff,220,1.620562352,43.21497384
img0-08312022145104-230.tiff,img1-08312022145104-208.tiff,221,1.627836652,43.49864954
img0-08312022145105-231.tiff,img1-08312022145105-209.tiff,222,1.635231954,43.697277
img0-08312022145106-232.tiff,img1-08312022145106-210.tiff,223,1.642563852,43.886395
img0-08312022145107-233.tiff,img1-08312022145107-211.tiff,224,1.649979144,44.170067
img0-08312022145108-234.tiff,img1-08312022145108-212.tiff,225,1.657291142,44.27414305
img0-08312022145109-235.tiff,img1-08312022145109-213.tiff,226,1.664664552,44.548298
img0-08312022145110-236.tiff,img1-08312022145110-214.tiff,227,1.672060054,44.82245994
img0-08312022145111-237.tiff,img1-08312022145111-215.tiff,228,1.679451352,45.03060146
img0-08312022145112-238.tiff,img1-08312022145112-216.tiff,229,1.686747454,45.304764
img0-08312022145113-239.tiff,img1-08312022145112-216.tiff,230,1.694180654,45.59794905
img0-08312022145114-240.tiff,img1-08312022145114-217.tiff,231,1.701574154,45.87211
img0-08312022145115-241.tiff,img1-08312022145115-218.tiff,232,1.708826352,46.15578
img0-08312022145116-242.tiff,img1-08312022145116-219.tiff,233,1.716180062,46.439457
img0-08312022145117-243.tiff,img1-08312022145117-220.tiff,234,1.723613352,46.723125
img0-08312022145118-244.tiff,img1-08312022145118-221.tiff,235,1.730986752,47.0068
img0-08312022145119-245.tiff,img1-08312022145119-222.tiff,236,1.738320652,47.29999146
img0-08312022145120-246.tiff,img1-08312022145120-223.tiff,237,1.745674252,47.65919184
img0-08312022145121-247.tiff,img1-08312022145121-224.tiff,238,1.753107452,47.95238
img0-08312022145122-248.tiff,img1-08312022145122-225.tiff,239,1.760480952,48.32109844
img0-08312022145123-249.tiff,img1-08312022145122-225.tiff,240,1.767775142,48.69932954
img0-08312022145124-250.tiff,img1-08312022145124-226.tiff,241,1.775148552,48.90747326
img0-08312022145125-251.tiff,img1-08312022145125-227.tiff,242,1.782482452,49.26667634
img0-08312022145126-252.tiff,img1-08312022145126-228.tiff,243,1.789955342,49.56937726
img0-08312022145127-253.tiff,img1-08312022145127-229.tiff,244,1.797291144,49.938095
img0-08312022145128-254.tiff,img1-08312022145128-230.tiff,245,1.804662652,50.30681604
img0-08312022145129-255.tiff,img1-08312022145129-231.tiff,246,1.812137654,50.68504364
img0-08312022145130-256.tiff,img1-08312022145130-232.tiff,247,1.819451454,51.07279
img0-08312022145131-257.tiff,img1-08312022145131-233.tiff,248,1.826745554,51.545578
img0-08312022145132-258.tiff,img1-08312022145132-234.tiff,249,1.834176752,51.91429674
img0-08312022145133-259.tiff,img1-08312022145132-234.tiff,250,1.841589962,52.302044
img0-08312022145134-260.tiff,img1-08312022145134-235.tiff,251,1.848804552,52.68027
img0-08312022145135-261.tiff,img1-08312022145135-236.tiff,252,1.856217952,53.06801546
img0-08312022145136-262.tiff,img1-08312022145136-237.tiff,253,1.863573454,53.44625016
img0-08312022145137-263.tiff,img1-08312022145137-238.tiff,254,1.870984852,53.909523
img0-08312022145138-264.tiff,img1-08312022145138-239.tiff,255,1.878298652,54.287758
img0-08312022145139-265.tiff,img1-08312022145139-240.tiff,256,1.885672262,54.760548
img0-08312022145140-266.tiff,img1-08312022145140-241.tiff,257,1.893125352,55.22381684
img0-08312022145141-267.tiff,img1-08312022145141-242.tiff,258,1.900479042,55.70612
img0-08312022145142-268.tiff,img1-08312022145142-243.tiff,259,1.907695554,56.17891
img0-08312022145143-269.tiff,img1-08312022145142-243.tiff,260,1.915128754,56.6517
img0-08312022145144-270.tiff,img1-08312022145144-244.tiff,261,1.922460452,57.12449
img0-08312022145145-271.tiff,img1-08312022145145-245.tiff,262,1.929973152,57.59728
img0-08312022145146-272.tiff,img1-08312022145146-246.tiff,263,1.937308954,58.07007
img0-08312022145147-273.tiff,img1-08312022145147-247.tiff,264,1.944720352,58.54286
img0-08312022145148-274.tiff,img1-08312022145148-248.tiff,265,1.952113652,59.02516116
img0-08312022145149-275.tiff,img1-08312022145149-249.tiff,266,1.959449454,59.40339305
img0-08312022145150-276.tiff,img1-08312022145150-250.tiff,267,1.966743454,60.055782
img0-08312022145151-277.tiff,img1-08312022145151-251.tiff,268,1.974097254,60.53808516
img0-08312022145152-278.tiff,img1-08312022145152-252.tiff,269,1.981528362,61.095917
img0-08312022145153-279.tiff,img1-08312022145152-252.tiff,270,1.988744854,61.663265
img0-08312022145154-280.tiff,img1-08312022145154-253.tiff,271,1.996096562,62.30614498
img0-08312022145155-281.tiff,img1-08312022145155-254.tiff,272,2.003450242,62.797962
img0-08312022145156-282.tiff,img1-08312022145156-255.tiff,273,2.010804132,63.37482056
img0-08312022145157-283.tiff,img1-08312022145157-256.tiff,274,2.018117842,64.027214
img0-08312022145158-284.tiff,img1-08312022145158-257.tiff,275,2.025431842,64.68912
img0-08312022145159-285.tiff,img1-08312022145159-258.tiff,276,2.032924572,65.35102
img0-08312022145200-286.tiff,img1-08312022145200-259.tiff,277,2.040318232,66.02243726
img0-08312022145201-287.tiff,img1-08312022145201-260.tiff,278,2.047552262,66.76939
img0-08312022145202-288.tiff,img1-08312022145202-261.tiff,279,2.055007454,67.51633634
img0-08312022145203-289.tiff,img1-08312022145202-261.tiff,280,2.062299642,68.18775
img0-08312022145204-290.tiff,img1-08312022145204-262.tiff,281,2.069812262,69.02925735
img0-08312022145205-291.tiff,img1-08312022145205-263.tiff,282,2.077207554,69.77621319
img0-08312022145206-292.tiff,img1-08312022145206-264.tiff,283,2.084598962,70.5517
img0-08312022145207-293.tiff,img1-08312022145207-265.tiff,284,2.092032162,71.402725
img0-08312022145208-294.tiff,img1-08312022145208-266.tiff,285,2.099405932,72.33878634
img0-08312022145209-295.tiff,img1-08312022145209-267.tiff,286,2.106719642,73.29388
img0-08312022145210-296.tiff,img1-08312022145210-268.tiff,287,2.114133042,74.1449
img0-08312022145211-297.tiff,img1-08312022145211-269.tiff,288,2.121506632,75.185036
img0-08312022145212-298.tiff,img1-08312022145212-270.tiff,289,2.128742944,76.13061
img0-08312022145213-299.tiff,img1-08312022145213-271.tiff,290,2.136094562,77.25579594
img0-08312022145214-300.tiff,img1-08312022145213-271.tiff,291,2.143529654,78.22039726
img0-08312022145215-301.tiff,img1-08312022145215-272.tiff,292,2.150901262,79.43062534
img0-08312022145216-302.tiff,img1-08312022145216-273.tiff,293,2.158237254,80.57483
img0-08312022145217-303.tiff,img1-08312022145217-274.tiff,294,2.165531214,81.804085
img0-08312022145218-304.tiff,img1-08312022145218-275.tiff,295,2.172982252,83.12789
img0-08312022145219-305.tiff,img1-08312022145219-276.tiff,296,2.180337944,84.26258
img0-08312022145220-306.tiff,img1-08312022145220-277.tiff,297,2.187669662,85.76599674
img0-08312022145221-307.tiff,img1-08312022145221-278.tiff,298,2.195102842,87.00476
img0-08312022145222-308.tiff,img1-08312022145222-279.tiff,299,2.202476442,88.60273584
img0-08312022145223-309.tiff,img1-08312022145223-280.tiff,300,2.209929372,90.11565735
img0-08312022145224-310.tiff,img1-08312022145223-280.tiff,301,2.217263342,91.6381
img0-08312022145225-311.tiff,img1-08312022145225-281.tiff,302,2.224656562,93.33061735
img0-08312022145226-312.tiff,img1-08312022145226-282.tiff,303,2.232109732,94.94762
img0-08312022145227-313.tiff,img1-08312022145227-283.tiff,304,2.239483262,96.56462265
img0-08312022145228-314.tiff,img1-08312022145228-284.tiff,305,2.246777442,98.43673735
img0-08312022145229-315.tiff,img1-08312022145229-285.tiff,306,2.254152854,100.1483
img0-08312022145230-316.tiff,img1-08312022145230-286.tiff,307,2.261544252,102.03946
img0-08312022145231-317.tiff,img1-08312022145231-287.tiff,308,2.268860154,104.11973
img0-08312022145232-318.tiff,img1-08312022145232-288.tiff,309,2.276233924,106.1904869
img0-08312022145233-319.tiff,img1-08312022145233-289.tiff,310,2.283664842,108.46938
img0-08312022145234-320.tiff,img1-08312022145233-289.tiff,311,2.291078242,110.73878
img0-08312022145235-321.tiff,img1-08312022145235-290.tiff,312,2.298493454,113.00816
img0-08312022145236-322.tiff,img1-08312022145236-291.tiff,313,2.305847244,115.5517117
img0-08312022145237-323.tiff,img1-08312022145237-292.tiff,314,2.313200954,118.11429
img0-08312022145238-324.tiff,img1-08312022145238-293.tiff,315,2.320592252,120.85646
img0-08312022145239-325.tiff,img1-08312022145239-294.tiff,316,2.327906242,123.78776
img0-08312022145240-326.tiff,img1-08312022145240-295.tiff,317,2.335361254,126.81361
img0-08312022145241-327.tiff,img1-08312022145241-296.tiff,318,2.342693242,129.934
img0-08312022145242-328.tiff,img1-08312022145242-297.tiff,319,2.350126232,133.1394763
img0-08312022145243-329.tiff,img1-08312022145243-298.tiff,320,2.357440232,136.2598684
img0-08312022145244-330.tiff,img1-08312022145243-298.tiff,321,2.364853542,139.67348
img0-08312022145245-331.tiff,img1-08312022145245-299.tiff,322,2.372346272,143.2571484
img0-08312022145246-332.tiff,img1-08312022145246-300.tiff,323,2.379660062,146.8503463
img0-08312022145247-333.tiff,img1-08312022145247-301.tiff,324,2.386994042,150.5381063
img0-08312022145248-334.tiff,img1-08312022145248-302.tiff,325,2.394327862,154.23537
img0-08312022145249-335.tiff,img1-08312022145249-303.tiff,326,2.401603944,158.1027263
img0-08312022145250-336.tiff,img1-08312022145250-304.tiff,327,2.409035232,162.1687084
img0-08312022145251-337.tiff,img1-08312022145251-305.tiff,328,2.416388662,166.0360747
img0-08312022145252-338.tiff,img1-08312022145252-306.tiff,329,2.423722642,170.2061284
img0-08312022145253-339.tiff,img1-08312022145253-307.tiff,330,2.431136042,174.3666763
img0-08312022145254-340.tiff,img1-08312022145253-307.tiff,331,2.438469572,178.6313
img0-08312022145255-341.tiff,img1-08312022145255-308.tiff,332,2.445882932,183.2551073
img0-08312022145256-342.tiff,img1-08312022145256-309.tiff,333,2.453278264,187.7183447
img0-08312022145257-343.tiff,img1-08312022145257-310.tiff,334,2.460550732,192.6163353
img0-08312022145258-344.tiff,img1-08312022145258-311.tiff,335,2.467886254,197.4387863
img0-08312022145259-345.tiff,img1-08312022145259-312.tiff,336,2.475297662,202.3557873
img0-08312022145300-346.tiff,img1-08312022145300-313.tiff,337,2.482611572,207.3673484
img0-08312022145301-347.tiff,img1-08312022145301-314.tiff,338,2.489965342,212.1897984
img0-08312022145302-348.tiff,img1-08312022145302-315.tiff,339,2.497400264,216.83266
img0-08312022145303-349.tiff,img1-08312022145303-316.tiff,340,2.504712262,221.4564584
img0-08312022145304-350.tiff,img1-08312022145303-316.tiff,341,2.512205242,224.9550984
img0-08312022145305-351.tiff,img1-08312022145305-317.tiff,342,2.519519242,227.13945
img0-08312022145306-352.tiff,img1-08312022145306-318.tiff,343,2.526832932,229.21973
img0-08312022145307-353.tiff,img1-08312022145307-319.tiff,344,2.534246252,231.9619
img0-08312022145308-354.tiff,img1-08312022145308-320.tiff,345,2.541500562,235.6401473
img0-08312022145309-355.tiff,img1-08312022145309-321.tiff,346,2.548876264,240.3680373
img0-08312022145310-356.tiff,img1-08312022145310-322.tiff,347,2.556190054,245.38913
img0-08312022145311-357.tiff,img1-08312022145311-323.tiff,348,2.563483954,250.96802
img0-08312022145312-358.tiff,img1-08312022145312-324.tiff,349,2.570895272,256.7265373
img0-08312022145313-359.tiff,img1-08312022145313-325.tiff,350,2.578268962,262.4945484
img0-08312022145314-360.tiff,img1-08312022145313-325.tiff,351,2.585562862,268.3476427
img0-08312022145315-361.tiff,img1-08312022145315-326.tiff,352,2.592976242,274.1156707
img0-08312022145316-362.tiff,img1-08312022145316-327.tiff,353,2.600290262,279.8931894
img0-08312022145317-363.tiff,img1-08312022145317-328.tiff,354,2.607723462,285.3965657
img0-08312022145319-364.tiff,img1-08312022145319-330.tiff,355,2.615037252,291.15512
img0-08312022145320-365.tiff,img1-08312022145320-331.tiff,356,2.622472534,296.92313
img0-08312022145321-366.tiff,img1-08312022145321-332.tiff,357,2.629826054,302.40747
img0-08312022145322-367.tiff,img1-08312022145322-333.tiff,358,2.637277242,307.8823343
img0-08312022145323-368.tiff,img1-08312022145323-334.tiff,359,2.644573254,313.2721343
img0-08312022145324-369.tiff,img1-08312022145323-334.tiff,360,2.652064032,318.7564843
img0-08312022145325-370.tiff,img1-08312022145325-335.tiff,361,2.659437572,323.9571314
img0-08312022145326-371.tiff,img1-08312022145326-336.tiff,362,2.666791342,329.5360843
img0-08312022145327-372.tiff,img1-08312022145327-337.tiff,363,2.674065262,334.36804
img0-08312022145328-373.tiff,img1-08312022145328-338.tiff,364,2.681421054,340.1265373
img0-08312022145329-374.tiff,img1-08312022145329-339.tiff,365,2.688852262,345.715
img0-08312022145330-375.tiff,img1-08312022145330-340.tiff,366,2.696166262,350.72653
img0-08312022145331-376.tiff,img1-08312022145331-341.tiff,367,2.703460232,356.4850284
img0-08312022145332-377.tiff,img1-08312022145332-342.tiff,368,2.710853562,362.2720857
img0-08312022145333-378.tiff,img1-08312022145333-343.tiff,369,2.718169724,367.3782177
img0-08312022145334-379.tiff,img1-08312022145333-343.tiff,370,2.725602854,373.13675
img0-08312022145335-380.tiff,img1-08312022145335-344.tiff,371,2.732976254,378.6211
img0-08312022145336-381.tiff,img1-08312022145336-345.tiff,372,2.740330054,384.29456
img0-08312022145337-382.tiff,img1-08312022145337-346.tiff,373,2.747761232,390.2421863
img0-08312022145338-383.tiff,img1-08312022145338-347.tiff,374,2.755156554,395.6319863
img0-08312022145339-384.tiff,img1-08312022145339-348.tiff,375,2.762468262,401.5136106
img0-08312022145340-385.tiff,img1-08312022145340-349.tiff,376,2.769842042,407.2626143
img0-08312022145341-386.tiff,img1-08312022145341-350.tiff,377,2.777237454,412.8414863
img0-08312022145342-387.tiff,img1-08312022145342-351.tiff,378,2.784670654,418.6095373
img0-08312022145343-388.tiff,img1-08312022145343-352.tiff,379,2.792061932,424.1884553
img0-08312022145344-389.tiff,img1-08312022145344-353.tiff,380,2.799437554,429.77686
img0-08312022145345-390.tiff,img1-08312022145344-353.tiff,381,2.806948252,436.0081853
img0-08312022145346-391.tiff,img1-08312022145346-354.tiff,382,2.814303944,441.69116
img0-08312022145347-392.tiff,img1-08312022145347-355.tiff,383,2.821576042,447.8374
img0-08312022145348-393.tiff,img1-08312022145348-356.tiff,384,2.828949632,454.070834
img0-08312022145349-394.tiff,img1-08312022145349-357.tiff,385,2.836245854,459.586872
img0-08312022145350-395.tiff,img1-08312022145350-358.tiff,386,2.843617342,466.139459
img0-08312022145351-396.tiff,img1-08312022145351-359.tiff,387,2.850933144,472.05502
img0-08312022145352-397.tiff,img1-08312022145352-360.tiff,388,2.858264862,478.32231
img0-08312022145353-398.tiff,img1-08312022145353-361.tiff,389,2.865638462,484.789353
img0-08312022145354-399.tiff,img1-08312022145354-362.tiff,390,2.872974454,490.59068
img0-08312022145355-400.tiff,img1-08312022145354-362.tiff,391,2.880345752,496.87708
img0-08312022145356-401.tiff,img1-08312022145356-363.tiff,392,2.887798932,503.43924
img0-08312022145357-402.tiff,img1-08312022145357-364.tiff,393,2.895271752,509.24057
img0-08312022145358-403.tiff,img1-08312022145358-365.tiff,394,2.902565862,515.317632
img0-08312022145359-404.tiff,img1-08312022145359-366.tiff,395,2.909899662,521.309135
img0-08312022145400-405.tiff,img1-08312022145400-367.tiff,396,2.917312772,527.196015
img0-08312022145401-406.tiff,img1-08312022145401-368.tiff,397,2.924746232,532.626482
img0-08312022145402-407.tiff,img1-08312022145402-369.tiff,398,2.932219232,537.952283
img0-08312022145403-408.tiff,img1-08312022145403-370.tiff,399,2.939533232,543.087932
img0-08312022145404-409.tiff,img1-08312022145404-371.tiff,400,2.946985872,548.794132
img0-08312022145405-410.tiff,img1-08312022145404-371.tiff,401,2.954439042,553.168905
img0-08312022145406-411.tiff,img1-08312022145406-372.tiff,402,2.961755054,557.638732
img0-08312022145407-412.tiff,img1-08312022145407-373.tiff,403,2.969086862,562.003991
img0-08312022145408-413.tiff,img1-08312022145408-374.tiff,404,2.976442264,566.103028
img0-08312022145409-414.tiff,img1-08312022145409-375.tiff,405,2.983833932,570.572893
img0-08312022145410-415.tiff,img1-08312022145410-376.tiff,406,2.991127962,574.0062
img0-08312022145411-416.tiff,img1-08312022145411-377.tiff,407,2.998441862,578.086073
img0-08312022145412-417.tiff,img1-08312022145412-378.tiff,408,3.005835232,581.8998
img0-08312022145413-418.tiff,img1-08312022145413-379.tiff,409,3.013168962,585.028632
img0-08312022145414-419.tiff,img1-08312022145414-380.tiff,410,3.020522762,588.566574
img0-08312022145415-420.tiff,img1-08312022145414-380.tiff,411,3.027995752,591.8857
img0-08312022145416-421.tiff,img1-08312022145416-381.tiff,412,3.035391154,594.814728
img0-08312022145417-422.tiff,img1-08312022145417-382.tiff,413,3.042822242,598.152968
img0-08312022145418-423.tiff,img1-08312022145418-383.tiff,414,3.050158054,600.720732
img0-08312022145419-424.tiff,img1-08312022145419-384.tiff,415,3.057509862,603.6785
img0-08312022145420-425.tiff,img1-08312022145420-385.tiff,416,3.064883252,606.331863
img0-08312022145421-426.tiff,img1-08312022145421-386.tiff,417,3.072358244,608.804577
img0-08312022145422-427.tiff,img1-08312022145422-387.tiff,418,3.079709932,611.182132
img0-08312022145423-428.tiff,img1-08312022145423-388.tiff,419,3.087063732,613.3791
img0-08312022145424-429.tiff,img1-08312022145424-389.tiff,420,3.094437042,615.556932
img0-08312022145425-430.tiff,img1-08312022145424-389.tiff,421,3.101751032,617.65875
img0-08312022145426-431.tiff,img1-08312022145426-390.tiff,422,3.109146354,619.46576
img0-08312022145427-432.tiff,img1-08312022145427-391.tiff,423,3.116539954,621.46295
img0-08312022145428-433.tiff,img1-08312022145428-392.tiff,424,3.123871472,623.2699
img0-08312022145429-434.tiff,img1-08312022145429-393.tiff,425,3.131245062,624.6965
img0-08312022145430-435.tiff,img1-08312022145430-394.tiff,426,3.138539262,626.5985
img0-08312022145431-436.tiff,img1-08312022145431-395.tiff,427,3.145893062,627.920432
img0-08312022145432-437.tiff,img1-08312022145432-396.tiff,428,3.153266272,629.366137
img0-08312022145433-438.tiff,img1-08312022145433-397.tiff,429,3.160602244,630.9733
img0-08312022145434-439.tiff,img1-08312022145434-398.tiff,430,3.167973932,632.3048
img0-08312022145435-440.tiff,img1-08312022145434-398.tiff,431,3.175387242,633.82635
img0-08312022145436-441.tiff,img1-08312022145436-399.tiff,432,3.182780462,635.053173
img0-08312022145437-442.tiff,img1-08312022145437-400.tiff,433,3.190136254,636.479732
img0-08312022145438-443.tiff,img1-08312022145438-401.tiff,434,3.197507762,637.830314
img0-08312022145439-444.tiff,img1-08312022145439-402.tiff,435,3.204903244,639.2473
img0-08312022145440-445.tiff,img1-08312022145440-403.tiff,436,3.212234932,640.379028
img0-08312022145441-446.tiff,img1-08312022145441-404.tiff,437,3.219548862,641.72
img0-08312022145442-447.tiff,img1-08312022145442-405.tiff,438,3.226922462,642.7662
img0-08312022145443-448.tiff,img1-08312022145443-406.tiff,439,3.234258424,643.8123
img0-08312022145444-449.tiff,img1-08312022145444-407.tiff,440,3.241629752,644.848832
img0-08312022145445-450.tiff,img1-08312022145444-407.tiff,441,3.249003252,645.704792
img0-08312022145446-451.tiff,img1-08312022145446-408.tiff,442,3.256277472,646.47516
img0-08312022145447-452.tiff,img1-08312022145447-409.tiff,443,3.263591462,647.150468
img0-08312022145448-453.tiff,img1-08312022145448-410.tiff,444,3.270945062,648.0919
img0-08312022145449-454.tiff,img1-08312022145449-411.tiff,445,3.278219252,648.6626
img0-08312022145450-455.tiff,img1-08312022145450-412.tiff,446,3.285592752,649.623172
img0-08312022145451-456.tiff,img1-08312022145451-413.tiff,447,3.292968554,650.1842
img0-08312022145452-457.tiff,img1-08312022145452-414.tiff,448,3.300300062,650.94507
img0-08312022145453-458.tiff,img1-08312022145453-415.tiff,449,3.307675654,651.5157
img0-08312022145454-459.tiff,img1-08312022145454-416.tiff,450,3.314969854,652.266983
img0-08312022145455-460.tiff,img1-08312022145454-416.tiff,451,3.322283764,652.752
img0-08312022145456-461.tiff,img1-08312022145456-417.tiff,452,3.329676854,653.427268
img0-08312022145457-462.tiff,img1-08312022145457-418.tiff,453,3.337108242,654.834732
img0-08312022145458-463.tiff,img1-08312022145458-419.tiff,454,3.344461862,655.329468
img0-08312022145459-464.tiff,img1-08312022145459-420.tiff,455,3.351797854,655.785783
img0-08312022145500-465.tiff,img1-08312022145500-421.tiff,456,3.359169252,656.55615
img0-08312022145501-466.tiff,img1-08312022145501-422.tiff,457,3.366602272,657.402532
img0-08312022145502-467.tiff,img1-08312022145502-423.tiff,458,3.374095342,658.268
img0-08312022145503-468.tiff,img1-08312022145503-424.tiff,459,3.381448962,658.6485
img0-08312022145504-469.tiff,img1-08312022145504-425.tiff,460,3.388882042,659.1431
img0-08312022145505-470.tiff,img1-08312022145504-425.tiff,461,3.396196042,659.799265
img0-08312022145506-471.tiff,img1-08312022145506-426.tiff,462,3.403591454,660.45544
img0-08312022145507-472.tiff,img1-08312022145507-427.tiff,463,3.410945244,660.560104
img0-08312022145508-473.tiff,img1-08312022145508-428.tiff,464,3.418276752,661.5110821
img0-08312022145509-474.tiff,img1-08312022145509-429.tiff,465,3.425749752,661.9771
img0-08312022145510-475.tiff,img1-08312022145510-430.tiff,466,3.433063662,662.1673
img0-08312022145511-476.tiff,img1-08312022145511-431.tiff,467,3.440459254,662.728332
img0-08312022145512-477.tiff,img1-08312022145512-432.tiff,468,3.447870432,662.9281
img0-08312022145513-478.tiff,img1-08312022145513-433.tiff,469,3.455124752,663.223068
img0-08312022145514-479.tiff,img1-08312022145514-434.tiff,470,3.462498252,663.87915
img0-08312022145515-480.tiff,img1-08312022145515-435.tiff,471,3.469911742,664.2596
img0-08312022145516-481.tiff,img1-08312022145515-435.tiff,472,3.477285062,665.02045
img0-08312022145517-482.tiff,img1-08312022145517-436.tiff,473,3.484599042,665.010882
img0-08312022145518-483.tiff,img1-08312022145518-437.tiff,474,3.492014454,665.505474
img0-08312022145519-484.tiff,img1-08312022145519-438.tiff,475,3.499328444,665.866773
img0-08312022145520-485.tiff,img1-08312022145520-439.tiff,476,3.506739752,666.1616
img0-08312022145521-486.tiff,img1-08312022145521-440.tiff,477,3.514132962,666.8274
img0-08312022145522-487.tiff,img1-08312022145522-441.tiff,478,3.521506462,667.0176
img0-08312022145523-488.tiff,img1-08312022145523-442.tiff,479,3.528902054,667.11273
img0-08312022145524-489.tiff,img1-08312022145524-443.tiff,480,3.536253842,667.7784
img0-08312022145525-490.tiff,img1-08312022145525-444.tiff,481,3.543609244,667.7784
img0-08312022145526-491.tiff,img1-08312022145525-444.tiff,482,3.550943244,668.054232
img0-08312022145527-492.tiff,img1-08312022145527-445.tiff,483,3.558274962,668.434583
img0-08312022145528-493.tiff,img1-08312022145528-446.tiff,484,3.565628752,668.624773
img0-08312022145529-494.tiff,img1-08312022145529-447.tiff,485,3.573022042,668.9197
img0-08312022145530-495.tiff,img1-08312022145530-448.tiff,486,3.580415462,669.290483
img0-08312022145531-496.tiff,img1-08312022145531-449.tiff,487,3.587769232,669.385573
img0-08312022145532-497.tiff,img1-08312022145532-450.tiff,488,3.595065334,669.499927
img0-08312022145533-498.tiff,img1-08312022145533-451.tiff,489,3.602476262,669.9658
img0-08312022145534-499.tiff,img1-08312022145534-452.tiff,490,3.609891654,669.8707
img0-08312022145535-500.tiff,img1-08312022145535-453.tiff,491,3.617245454,670.44135
img0-08312022145536-501.tiff,img1-08312022145535-453.tiff,492,3.624597242,670.34625
img0-08312022145537-502.tiff,img1-08312022145537-454.tiff,493,3.631930752,670.517305
img0-08312022145538-503.tiff,img1-08312022145538-455.tiff,494,3.639306264,670.8217
img0-08312022145539-504.tiff,img1-08312022145539-456.tiff,495,3.646699944,670.9168
img0-08312022145540-505.tiff,img1-08312022145540-457.tiff,496,3.654071562,671.211768
img0-08312022145541-506.tiff,img1-08312022145541-458.tiff,497,3.661464842,671.2022
img0-08312022145542-507.tiff,img1-08312022145542-459.tiff,498,3.668838442,671.3924
img0-08312022145543-508.tiff,img1-08312022145543-460.tiff,499,3.676114554,671.382832
img0-08312022145544-509.tiff,img1-08312022145544-461.tiff,500,3.683545752,671.6777
img0-08312022145545-510.tiff,img1-08312022145545-462.tiff,501,3.690859462,671.668132
img0-08312022145546-511.tiff,img1-08312022145545-462.tiff,502,3.698195454,671.763205
img0-08312022145547-512.tiff,img1-08312022145547-463.tiff,503,3.705527262,671.5826
img0-08312022145548-513.tiff,img1-08312022145548-464.tiff,504,3.712920842,671.8679
img0-08312022145549-514.tiff,img1-08312022145549-465.tiff,505,3.720274252,671.687265
img0-08312022145550-515.tiff,img1-08312022145550-466.tiff,506,3.727669764,671.763205
img0-08312022145551-516.tiff,img1-08312022145551-467.tiff,507,3.735023554,671.972568
img0-08312022145552-517.tiff,img1-08312022145552-468.tiff,508,3.742315462,671.763205
img0-08312022145553-518.tiff,img1-08312022145553-469.tiff,509,3.749828062,671.8679
img0-08312022145554-519.tiff,img1-08312022145554-470.tiff,510,3.757201662,672.0581
img0-08312022145555-520.tiff,img1-08312022145555-471.tiff,511,3.764575252,671.8679
img0-08312022145557-521.tiff,img1-08312022145557-472.tiff,512,3.77195695,671.963
img0-08312022145558-522.tiff,img1-08312022145558-473.tiff,513,3.77935015,671.963
img0-08312022145559-523.tiff,img1-08312022145559-474.tiff,514,3.78668385,671.6777
img0-08312022145600-524.tiff,img1-08312022145600-475.tiff,515,3.79409725,672.1532
img0-08312022145601-525.tiff,img1-08312022145601-476.tiff,516,3.80153065,671.77277
img0-08312022145602-526.tiff,img1-08312022145602-477.tiff,517,3.80887809,671.6777
img0-08312022145603-527.tiff,img1-08312022145603-478.tiff,518,3.81623775,671.5826
img0-08312022145604-528.tiff,img1-08312022145604-479.tiff,519,3.82365125,671.77277
img0-08312022145605-529.tiff,img1-08312022145605-480.tiff,520,3.83096515,671.4875
img0-08312022145606-530.tiff,img1-08312022145605-480.tiff,521,3.83833845,671.3924
img0-08312022145607-531.tiff,img1-08312022145607-481.tiff,522,3.84575185,671.2022
img0-08312022145608-532.tiff,img1-08312022145608-482.tiff,523,3.85306575,671.0119
img0-08312022145609-533.tiff,img1-08312022145609-483.tiff,524,3.86045935,671.0119
img0-08312022145610-534.tiff,img1-08312022145610-484.tiff,525,3.867844757,670.640862
img0-08312022145611-535.tiff,img1-08312022145611-485.tiff,526,3.875178727,670.717268
img0-08312022145612-536.tiff,img1-08312022145612-486.tiff,527,3.8825144,670.0609
img0-08312022145613-537.tiff,img1-08312022145613-487.tiff,528,3.889945657,670.070235
img0-08312022145614-538.tiff,img1-08312022145614-488.tiff,529,3.89732091,669.8707
img0-08312022145615-539.tiff,img1-08312022145615-489.tiff,530,3.904732447,669.195625
img0-08312022145616-540.tiff,img1-08312022145615-489.tiff,531,3.912086427,669.0148
img0-08312022145617-541.tiff,img1-08312022145617-490.tiff,532,3.919420127,668.434816
img0-08312022145618-542.tiff,img1-08312022145618-491.tiff,533,3.926813237,667.6833
img0-08312022145619-543.tiff,img1-08312022145619-492.tiff,534,3.934189,666.9225
img0-08312022145620-544.tiff,img1-08312022145620-493.tiff,535,3.94160191,665.980771
img0-08312022145621-545.tiff,img1-08312022145621-494.tiff,536,3.948993827,664.459104
img0-08312022145622-546.tiff,img1-08312022145622-495.tiff,537,3.956386937,663.4037
img0-08312022145623-547.tiff,img1-08312022145623-496.tiff,538,3.9637226,661.5108487
img0-08312022145624-548.tiff,img1-08312022145624-497.tiff,539,3.971054476,659.608835
img0-08312022145625-549.tiff,img1-08312022145625-498.tiff,540,3.978388637,657.307665
img0-08312022145626-550.tiff,img1-08312022145625-498.tiff,541,3.985781827,654.6541
img0-08312022145627-551.tiff,img1-08312022145627-499.tiff,542,3.993135537,651.5157
img0-08312022145628-552.tiff,img1-08312022145628-500.tiff,543,4.00047139,646.864935
img0-08312022145629-553.tiff,img1-08312022145629-501.tiff,544,4.007783447,631.752797
